"conversation_id_str","created_at","favorite_count","full_text","id_str","image_url","in_reply_to_screen_name","lang","location","quote_count","reply_count","retweet_count","tweet_url","user_id_str","username"
"1988903725717754266","Thu Nov 13 09:36:14 +0000 2025","0","Salah satu tenaga penjual Chery menyebut harga mobil listrik terbarunya yakni J6T bakal dibanderol Rp 20 juta-Rp 30 juta lebih mahal dari J6. https://t.co/SzmWX6YMx0","1988903725717754266","","","in","","0","0","0","https://x.com/undefined/status/1988903725717754266","3042677100",
"1988903522738295152","Thu Nov 13 09:35:26 +0000 2025","0","PT CSI resmi meluncurkan J6T dengan peningkatan performa teknologi dan kenyamanan. Harga J6T diperkirakan lebih mahal Rp20 juta hingga Rp30 juta dibanding varian tertinggi J6 saat ini. Baca Selengkapnya https://t.co/3CysivnsoO ~NA #CheryJ6T #MobilListrik #CheryIndonesia https://t.co/eRvkz1er2f","1988903522738295152","https://pbs.twimg.com/media/G5oBNU9aQAEW9JE.jpg","","in","","0","0","0","https://x.com/undefined/status/1988903522738295152","3042677100",
"1988582982404460875","Wed Nov 12 12:21:43 +0000 2025","2","16 Ribu Mobil Chery Terjual Tahun Ini di Indonesia J6 Paling Laku https://t.co/V9FQQpzwWQ","1988582982404460875","","","in","","0","1","0","https://x.com/undefined/status/1988582982404460875","17128975",
"1988210280430719193","Tue Nov 11 11:40:44 +0000 2025","0","Varian flagship dari seri Chery J6 kini hadir dengan performa lebih tangguh fitur lebih cerdas dan desain yang semakin futuristik. #CheryJ6T #CheryIndonesia #ElectricSUV #SUVListrik #CherySalesIndonesia #mobil #mobillistrik #otomotif @CheryMotorID https://t.co/V0InBpOyzT","1988210280430719193","https://pbs.twimg.com/amplify_video_thumb/1988209215618580480/img/zubSlhMsC7RaXN1n.jpg","","in","","0","0","0","https://x.com/undefined/status/1988210280430719193","1795508979814305792",
"1988180730065920452","Tue Nov 11 09:43:19 +0000 2025","0","Modifikasi Chery J6 The Helios dengan panel surya menarik minat penggemar otomotif karena membuat mobil tidak harus bergantung pada SPKLU atau colokan rumah saat bepergian. Baca Selengkapnya https://t.co/nuyXKKTK2E ~NA #CheryJ6 #PanelSurya #ModifikasiMobil https://t.co/Y0NARG6fvX","1988180730065920452","https://pbs.twimg.com/media/G5dvzlrbcAEBDvJ.jpg","","in","","0","0","0","https://x.com/undefined/status/1988180730065920452","3042677100",
"1988179979029623042","Tue Nov 11 09:40:20 +0000 2025","4","Modifikasi Chery J6 The Helios dengan panel surya menarik minat penggemar otomotif karena membuat mobil tidak harus bergantung pada SPKLU atau colokan rumah saat bepergian. Baca Selengkapnya https://t.co/TSujLDmg97 ~NA #CheryJ6 #PanelSurya #ModifikasiMobil https://t.co/qyFggGO8tj","1988179979029623042","https://pbs.twimg.com/media/G5dvJf7bcAQqQi9.jpg","","in","","0","0","0","https://x.com/undefined/status/1988179979029623042","23343960",
"1988179505715048926","Tue Nov 11 09:38:27 +0000 2025","0","Chery membuka prapemesanan untuk mobil listrik J6T varian terbaru dengan sejumlah peningkatan fitur dari model SUV off-road Chery J6 yang selama setahun terakhir sukses mencuri perhatian pencinta mobil domestik https://t.co/XBIpwWUEjR https://t.co/KrIx269Hts","1988179505715048926","https://pbs.twimg.com/media/G5dukrOb0AAvLFx.jpg","","in","","0","0","0","https://x.com/undefined/status/1988179505715048926","3271146871",
"1988157819120648298","Tue Nov 11 08:12:16 +0000 2025","0","SUV listrik Chery J6 telah terjual sebanyak 5.555 unit atau menyumbang penjualan sebesar 33 persen dari total penjualan mobil Chery. https://t.co/CpKhTzpNvY","1988157819120648298","","","in","","0","0","0","https://x.com/undefined/status/1988157819120648298","3042677100",
"1987551061620711686","Sun Nov 09 16:01:14 +0000 2025","0","Pabrikan Mobil Listrik Asal Tiongkok Adakan J6 Festival untuk Apresiasi Konsumen https://t.co/7eckr3I0xM","1987551061620711686","","","in","","0","0","0","https://x.com/undefined/status/1987551061620711686","157176355",
"1986297994925228489","Thu Nov 06 05:02:00 +0000 2025","2","Jaecoo J5 dilepas mulai Rp 249 9 juta. Harganya jauh lebih murah dibanding produk yang dijual saudara sendiri Chery saat ini memasarkan J6 dan E5. https://t.co/prdITRfFI0","1986297994925228489","","","in","","0","0","0","https://x.com/undefined/status/1986297994925228489","69183155",
"1983877924458803641","Thu Oct 30 15:19:18 +0000 2025","0","@tikawidianingsi Chery J6 sih gua mah kalo mobil listrik","1983916628514631975","","tikawidianingsi","in","","0","0","0","https://x.com/undefined/status/1983916628514631975","46300870",
"1983819885139653025","Thu Oct 30 08:54:52 +0000 2025","0","Tadi siang liat depan mata ada mobil Chery J6 iWD masi mulus pintu depannya nyangkut tembok di pertigaan RRI. Sampe baret + penyok parah dan bodykitnya mletek. Aku cuma ngeliat aja nyesek banget rasanya gimana yg punya. Kenapa sih ini bangunan ga jelas kaga dibongkar aja? https://t.co/at3JYJ4zM3","1983819885139653025","https://pbs.twimg.com/media/G4fxqpAbgAAo7K2.jpg","","in","","0","0","0","https://x.com/undefined/status/1983819885139653025","62806318",
"1980183057622839681","Mon Oct 20 08:03:25 +0000 2025","0","SUV listrik asal Tiongkok ini sukses menempati urutan keempat mobil listrik terlaris di Indonesia menandakan bahwa penerimaan masyarakat terhadap mobil listrik semakin luas. https://t.co/fPYGfO2bvk","1980183057622839681","","","in","","0","0","0","https://x.com/undefined/status/1980183057622839681","350668803",
"1979743383531995503","Sun Oct 19 02:56:19 +0000 2025","0","Gantengnya Modifikasi Mobil Listrik Chery J6 EV https://t.co/KAilyuZreZ","1979743383531995503","","","in","","0","0","0","https://x.com/undefined/status/1979743383531995503","80543284",
"1979203176814514207","Fri Oct 17 15:09:43 +0000 2025","0","mobil chery j6 suer bagus bgtt","1979203176814514207","","","in","","0","0","0","https://x.com/undefined/status/1979203176814514207","784698314297974785",
"1977641391061872918","Mon Oct 13 07:43:45 +0000 2025","0","chery j6 lakik bgt. mobil impian w bgt nih duh kl dijalan ngeliat auto sholawatin","1977641391061872918","","","in","","0","0","0","https://x.com/undefined/status/1977641391061872918","1801740013157421057",
"1971909910838628809","Sat Sep 27 12:08:53 +0000 2025","0","‍️ Beb itu bagus deh! Tipe baru ya? *nunjuk mobil* ‍️ Iyaa tipe Jaesix ‍️ Hah?? Apa? Jaesix? ‍️ Iya Chery Je-enam. J6. ‍️ OALAH Kaget dikit ","1971909910838628809","","","in","","0","0","0","https://x.com/undefined/status/1971909910838628809","1881940976727703552",
"1971896264616038514","Sat Sep 27 11:14:40 +0000 2025","186","Kok kayak Chery J6 EV. Mobilnya sissi kah.?? Kalo iya ini salah satu mobil impian dia juga yg mana duku pernah ada video dia sama fattah di ayunan baju navy bicarain mau beli mobil chery https://t.co/16RyOlZTwS","1971896264616038514","https://pbs.twimg.com/amplify_video_thumb/1971896199906213888/img/FNR38tBY6IYktS5g.jpg","","in","","2","2","31","https://x.com/undefined/status/1971896264616038514","1805503716658921475",
"1967953006751780940","Tue Sep 16 14:05:34 +0000 2025","0","Diler baru Chery di PIK 2 berstatus 3S tampilkan berbagai lini unggulan termasuk Tiggo 8 CSH sampai J6 https://t.co/VhL71zNbKR","1967953006751780940","","","in","","0","0","0","https://x.com/undefined/status/1967953006751780940","1450324371583553538",
"1967563792273031389","Mon Sep 15 12:18:58 +0000 2025","4","sumpah tadi pas cuci mobil aku liat chery j6 GANTENK BGT COY MAU YA ALLAH","1967563792273031389","","","in","","0","1","0","https://x.com/undefined/status/1967563792273031389","1308589744222167040",
"1967150293914992924","Sun Sep 14 08:55:52 +0000 2025","0","Sejauh ini udah liat langsung 2 unit Chery J6 mengaspal di Karawang. Kira² SPKLU terdekat daerah mana ya? Berat juga kalau pake listrik rumahan terus. Penasaran sama mobil listrik tapi lebih suka hybrid walaupun mahal.","1967150293914992924","","","in","","0","0","0","https://x.com/undefined/status/1967150293914992924","1484503568682217475",
"1967017494146937297","Sun Sep 14 00:08:10 +0000 2025","0","Harga Chery J6 bekas tipe RWD lansiran 2024 dijual lebih murah Rp 40 jutaan dibanding unit baru meski masih tampak baru https://t.co/AuabCS26y6","1967017494146937297","","","in","","0","0","0","https://x.com/undefined/status/1967017494146937297","1450324371583553538",
"1966147679924445608","Thu Sep 11 14:31:50 +0000 2025","0","Mobil Chery J6 itu cakep banget ya apalagi warna ijo emeraldnya. Alhamdulillah si aku udah nabung hari ini Rp 5.000 dari sisa beli batagor. Semangat menabung ","1966147679924445608","","","in","","0","1","0","https://x.com/undefined/status/1966147679924445608","290486776",
"1965735841264775189","Wed Sep 10 11:15:20 +0000 2025","0","Chery J6 Hadir di Malaysia sebagai iCaur 03 Mobil Listrik Canggih Mulai Rp467 Juta https://t.co/oyZ7b7XokY","1965735841264775189","","","in","","0","0","0","https://x.com/undefined/status/1965735841264775189","1578222594",
"1964886433325342963","Mon Sep 08 03:00:06 +0000 2025","2","Hai wondrful friends! Yuk dengarkan kisah inspiratif mereka yang berhasil wujudin mimpi di rejeki wondr BNI tahap 1 Grand prize mobil Mercedes Benz E 300 dan Chery J6 kini sudah jadi milik lima pemenang berikut : 1.⁠ ⁠Risma Situmorang 2.⁠ ⁠Nur Anisa Ulfa 3.⁠ ⁠Roselina https://t.co/krUKbNkvCX","1964886433325342963","https://pbs.twimg.com/ext_tw_video_thumb/1964885268298686464/pu/img/QgC7oCFdUeupLKiO.jpg","","in","","1","1","0","https://x.com/undefined/status/1964886433325342963","62455266",
"1964218158258278688","Sat Sep 06 06:44:36 +0000 2025","0","Gmn caranya biar mobil pengantin pake chery J6 ","1964218158258278688","","","in","","0","0","0","https://x.com/undefined/status/1964218158258278688","1700880822",
"1964203859401740700","Sat Sep 06 05:47:47 +0000 2025","0","CHERY J6 GA TAKUT DIAJAK OFFROAD !! MOBIL YANG ASIK DIAJAK KEMANA AJA !! https://t.co/o2Z6KBp2oN via @YouTube #Review #testdrive #cheryj6 #chery #OFFROAD #China https://t.co/zLiAC01PEi","1964203859401740700","https://pbs.twimg.com/media/G0JApZNbIAAoxHa.jpg","","in","","0","0","0","https://x.com/undefined/status/1964203859401740700","249554553",
"1961655516116971713","Sat Aug 30 05:01:35 +0000 2025","2","Makin sering transaksi makin besar peluang bawa hadiah luar biasa! rejeki wondr BNI kembali hadir! Mulai dari mobil mewah sampai ratusan gadget keren: Mercedes-Benz E 300 Honda HR-V Chery J6 Honda Beat Smartphone &amp; hadiah seru lainnya #BNI46","1961655516116971713","","","in","","0","1","0","https://x.com/undefined/status/1961655516116971713","62455266",
"1959828624707858795","Mon Aug 25 04:02:10 +0000 2025","0","Meskipun harganya masih misterius NJKB Jetour T2 sudah terdaftar dan tidak berbeda jauh dari Chery J6 https://t.co/wjzcO4L4Mx","1959828624707858795","","","in","","0","0","0","https://x.com/undefined/status/1959828624707858795","1450324371583553538",
"1958501374746050965","Thu Aug 21 12:08:09 +0000 2025","0","Setelah T2 mobil yang diduga Jetour T1 terpantau tengah diuji coba di kawasan Pantai Indah Kapuk (PIK) 2 https://t.co/DoNwStLrQN","1958501374746050965","","","in","","0","0","0","https://x.com/undefined/status/1958501374746050965","1450324371583553538",
"1957398808272216129","Mon Aug 18 11:06:57 +0000 2025","0","Dari sekian mobil listrik yg ketemu di jalan sempet salfok sama varian yg tadi. Ternyata chery J6 item wkwkwk Desain bodynya yg roof top entah kenapa menarik gitu Paling bikin kepo tu tadi cukup gesit di akselerasi untuk ukuran mobil listrik bisa head to head ama bbm.","1957398808272216129","","","in","","0","1","0","https://x.com/undefined/status/1957398808272216129","214001879",
"1956673909451112851","Sat Aug 16 11:06:27 +0000 2025","1","Chery J6 FULL Solar Gard Kaca Film &amp; Solar Gard PPF Kaca film paling adem sedunia Pelindung cat terbaik sedunia Kabin mobil adem hati aman pikiran tenang. Kena senggol2 dikit gapapa lah ya . Kan ga bakal baret body mobilnya #fyp #fypシ https://t.co/nZ2nbJmDX4","1956673909451112851","","","in","","0","0","0","https://x.com/undefined/status/1956673909451112851","1922684939868516352",
"1956259291025039439","Fri Aug 15 07:38:55 +0000 2025","0"," Perjalanan Aman Hati Tenang! Bersama OONA Insurance dan Mandiri Tunas Finance kini setiap pembelian mobil Chery J6 Omoda Tiggo 8 Tiggo 9 atau Cons https://t.co/p77WSH6EJo https://t.co/t8eHI9yBRS","1956259291025039439","https://pbs.twimg.com/media/GyYHdAHa4AIPq7r.jpg","","in","","1","0","0","https://x.com/undefined/status/1956259291025039439","786333896",
"1955512539678380184","Wed Aug 13 06:11:35 +0000 2025","3","Selamat kepada para Pemenang Hadiah Rejeki wondr BNI yang berhasil mendapatkan grand prize mobil Mercedes Benz E 300 mobil Chery J6 mobil All New Honda H-RV Motor Honda Beat Smartphone serta Laptop. Pengundian tahap pertama telah berlangsung pada 11 Agustus 2025 di Grha BNI https://t.co/SGePuxtRlj","1955512539678380184","https://pbs.twimg.com/media/GyNgR-EaEAIZ1as.jpg","","in","","0","1","0","https://x.com/undefined/status/1955512539678380184","62455266",
"1953479149315936592","Fri Aug 08 13:43:30 +0000 2025","0","@qinkqonk @AreaReceh Mobil itu Chery iCar 03 (J6). Harga OTR Denpasar: RWD Rp 505 5 juta RWD Phantom Rp 548 juta IWD Rp 565 5 juta IWD Phantom Rp 608 juta. Sumber: https://t.co/Z1gqeD0yrl (Agustus 2025).","1953814329146716518","","qinkqonk","in","","0","1","0","https://x.com/undefined/status/1953814329146716518","1720665183188922368",
"1952979884864881122","Wed Aug 06 06:27:43 +0000 2025","0","Kirim mobil Chery Omoda J6 dari Surabaya tujuan ke Balikpapan dgn kapal roro estimasi pengiriman 2 hari. Ekspedisi Pengiriman Mobil FARHIYAtrans. Kirim mobil truk sepeda motor alat berat dan segala jenis kendaraan rute seluruh Indonesia via darat dan laut. https://t.co/Qe40zpudzo","1952979884864881122","https://pbs.twimg.com/ext_tw_video_thumb/1952979749560827908/pu/img/DwPvFSLDI1bYYie7.jpg","","in","","0","0","0","https://x.com/undefined/status/1952979884864881122","1306846310285205507",
"1951963854726152535","Sun Aug 03 11:10:23 +0000 2025","0","Chery J6 Hasil Modifikasi Cellos ZXZ Akan Dibagikan Gratis! https://t.co/QOjdiJZlgM","1951963854726152535","","","in","","0","0","0","https://x.com/undefined/status/1951963854726152535","80543284",
"1950062876552556597","Tue Jul 29 05:16:34 +0000 2025","0","Mobil chery j6 sama tiggo 8 cakep yak","1950062876552556597","","","in","","0","1","0","https://x.com/undefined/status/1950062876552556597","1049541996",
"1949794656532693206","Mon Jul 28 11:30:46 +0000 2025","1","Chery memukau di GIIAS 2025 dengan menampilkan dua versi modifikasi SUV listrik J6 hasil kolaborasi dengan NMAA dan kreator Cellos. Salah satunya dirancang sebagai mobil keluarga bergaya sementara satu unit lainnya akan diundi dalam IMX Super Giveaway 2025. Chery J6 tampil https://t.co/fTemiNticW","1949794656532693206","https://pbs.twimg.com/media/Gw8P5iRXQAAis7E.jpg","","in","","0","0","0","https://x.com/undefined/status/1949794656532693206","47596019",
"1949719660011663682","Mon Jul 28 06:32:45 +0000 2025","0","PT Chery Sales Indonesia (CSI) bekerja sama dengan National Modificator &amp; Aftermarket Association (NMAA) mengadakan kompetisi modifikasi mobil listrik Chery J6.https://t.co/rPRCZfTheE","1949719660011663682","","","in","","0","0","0","https://x.com/undefined/status/1949719660011663682","423220305",
"1948990112613978501","Sat Jul 26 06:13:47 +0000 2025","0","apa gue ke tempat test drive terus minta lindes mobil chery j6","1948990112613978501","","","in","","0","1","0","https://x.com/undefined/status/1948990112613978501","1875530252807761922",
"1944926438022660472","Tue Jul 15 01:06:12 +0000 2025","0","Pasar mobil listrik bekas di Indonesia mulai berkembang. Temukan model yang banyak diburu dan tantangan harga yang dihadapi! https://t.co/N5HIwWqPTd","1944926438022660472","","","in","","0","0","0","https://x.com/undefined/status/1944926438022660472","3042677100",
"1943521423151992863","Fri Jul 11 04:03:10 +0000 2025","0","Pionir Auto Garage sedang live TikTok. Ready stock berbagai aksesoris untuk modifikasi Jeep Wrangler tipe JK JL atau Gladiator dan mobil 4x4 lainnya: Suzuki Jimny JB74 &amp; JC74 GWM Tank 300 &amp; 500 Chery J6 BAIC BJ40 Plus Ford Raptor Toyota Hilux! https://t.co/5uhMLPuvHi","1943521423151992863","","","in","","0","0","0","https://x.com/undefined/status/1943521423151992863","1729796971509293056",
"1943521100656492683","Fri Jul 11 04:01:53 +0000 2025","0","Pionir Auto Garage sedang live TikTok. Ready stock berbagai aksesoris untuk modifikasi Jeep Wrangler tipe JK JL atau Gladiator dan mobil 4x4 lainnya: Suzuki Jimny JB74 &amp; JC74 GWM Tank 300 &amp; 500 Chery J6 BAIC BJ40 Plus Ford Raptor Toyota Hilux. https://t.co/5uhMLPv3wQ","1943521100656492683","","","in","","0","0","0","https://x.com/undefined/status/1943521100656492683","1729796971509293056",
"1943521045530488839","Fri Jul 11 04:01:40 +0000 2025","1","Pionir Auto Garage sedang live TikTok. Ready stock berbagai aksesoris untuk modifikasi Jeep Wrangler tipe JK JL atau Gladiator dan mobil 4x4 lainnya: Suzuki Jimny JB74 &amp; JC74 GWM Tank 300 &amp; 500 Chery J6 BAIC BJ40 Plus Ford Raptor Toyota Hilux. https://t.co/5uhMLPuvHi","1943521045530488839","","","in","","0","0","0","https://x.com/undefined/status/1943521045530488839","1729796971509293056",
"1937085799734120592","Mon Jun 23 09:50:18 +0000 2025","2","Lift kit 1.5 inch pertama untuk Chery J6 akhirnya hadir di Indonesia! Suspensi adjustable dari Mamba Racing bikin mobil lebih tinggi ban bisa diganti lebih besar tampilan makin gagah. Tersedia di Pionir Auto Garage. Stok terbatas! Info lengkapnya⬇️ https://t.co/iBYLVXeSo4 https://t.co/kkZuFu1Jr0","1937085799734120592","https://pbs.twimg.com/media/GuHpQOzXYAAwKn9.jpg","","in","","0","0","0","https://x.com/undefined/status/1937085799734120592","1729796971509293056",
"1937085734911152395","Mon Jun 23 09:50:03 +0000 2025","1","Lift kit 1.5 inch pertama untuk Chery J6 akhirnya hadir di Indonesia! Suspensi adjustable dari Mamba Racing bikin mobil lebih tinggi ban bisa diganti lebih besar tampilan makin gagah. Tersedia di Pionir Auto Garage. Stok terbatas! Info lengkapnya⬇️ https://t.co/iBYLVXeSo4 https://t.co/27uJROEXqw","1937085734911152395","https://pbs.twimg.com/media/GuHpMm4XMAAkd7_.jpg","","in","","0","0","0","https://x.com/undefined/status/1937085734911152395","1729796971509293056",
"1932668409025802724","Wed Jun 11 05:17:10 +0000 2025","0","KatadataOTO merangkum harga mobil listrik terbaru per Juni 2025 Chery mengerek banderol salah satu modelnya https://t.co/bb1k2fC287","1932668409025802724","","","in","","0","0","0","https://x.com/undefined/status/1932668409025802724","1450324371583553538",
"1932109609894051871","Mon Jun 09 16:16:42 +0000 2025","1","Gue lagi bikin price list mobil listrik bulan ini dan gue dibikin heran sama brand Chery. Kok bisa-bisanya harga Omoda E5 sama J6 sama persis sampe ke digit terakhir? Ini yang masang harga mikirin apa ya?","1932109609894051871","","","in","","0","1","0","https://x.com/undefined/status/1932109609894051871","1194220651155873793",
"1931887517936283990","Mon Jun 09 01:34:11 +0000 2025","0","Beberapa mobil listrik mengalami penyesuaian harga mulai Juni 2025 yakni MG4 EV dan Chery J6. https://t.co/mIItEwta0k","1931887517936283990","","","in","","0","0","0","https://x.com/undefined/status/1931887517936283990","3042677100",
"1931005233427034599","Fri Jun 06 15:08:18 +0000 2025","0","hari ini nyobain Chery J6. jd sangat tercerahkan soal rasa penasaran sama EV China. the good: cat mobilnya bagus kekayaan fitur dan kualitas material interior di atas mobil Jepang di harganya kabinnya juga gede. sayangnya bagusnya cuma sampe d situ.","1931005233427034599","","","in","","0","1","0","https://x.com/undefined/status/1931005233427034599","143416461",
"1930923630164398453","Fri Jun 06 09:44:02 +0000 2025","0","Skema Cicilan Chery J6 Termurah Bayar Segini Tiap Bulan https://t.co/mV9VJWU19K","1930923630164398453","","","in","","0","0","0","https://x.com/undefined/status/1930923630164398453","155812991",
"1930866229964878318","Fri Jun 06 05:55:57 +0000 2025","0","Skema Cicilan Chery J6 Termurah Bayar Segini Tiap Bulan https://t.co/wsWcRCMygp","1930866229964878318","","","in","","0","0","0","https://x.com/undefined/status/1930866229964878318","80543284",
"1930092618039652505","Thu Jun 05 09:03:05 +0000 2025","0","@kitty_gandalf Ada teman saya beli Mobil Listrik Chery J6. Sejauh ini sih aman pakai nya. Ya iyalah tidak ada keluhan teman saya dr mobil Petrol Hybrid Listrik ada semua. Tiap tahun ganti mobil. Memang mobil listrik ini hanya untuk Orang Kaya Raya.Kalau penganut mobil tunggal skip aja.","1930550934062690306","","kitty_gandalf","in","","0","0","0","https://x.com/undefined/status/1930550934062690306","1629179522242469888",
"1928613144995492050","Sat May 31 00:43:00 +0000 2025","0","Buat yang butuh mobil listrik sehari-hari dengan kapabilitas di berbagai medan Chery J6 bisa jadi pilihan. Apalagi didukung ban @GitiTiresid jadi makin nyaman dan aman di perjalanan. https://t.co/O5ObYjlzcB","1928613144995492050","https://pbs.twimg.com/amplify_video_thumb/1928341240166371328/img/Sspfg9wQ8hst4L8j.jpg","","in","","0","0","0","https://x.com/undefined/status/1928613144995492050","2241947264",
"1927098199648399603","Mon May 26 20:23:09 +0000 2025","0","Orang yg mobil nya 4 (mercy Gla Cls mustang &amp; innova zenik) aja bilang enak bgt mobil listrik ga terlalu tertarik lg mobil bensin uda beli chery j6 &amp; mau beli Denza org yg mobil nya cmn 1 matters ttg batery health bla bla...wkwkw ini si tentang mendang mending sih","1927098199648399603","","","in","","0","0","0","https://x.com/undefined/status/1927098199648399603","1647630479687028737",
"1926925489442082940","Mon May 26 08:56:51 +0000 2025","0","Hallo #DDKFriends Agenda unit introducing dan Test-Drive Chery J6 (Mobil Listrik). Dengan jarak tempuh 426km* membuat mobilitas terjaga dengan aman. Konsultasikan kebutuhan transportasimu bersama DDK Transportation Solutions. #BetterRide Let's Ride with DDK https://t.co/g0a68bkCF8","1926925489442082940","https://pbs.twimg.com/media/Gr3QdD2XMAAOIu6.jpg","","in","","0","0","0","https://x.com/undefined/status/1926925489442082940","1503933753701576705",
"1926218881493868582","Mon May 26 01:35:57 +0000 2025","2","@eddie_rahper @innovacommunity Harga mobil listrik terlaris di Indonesia (April 2025 dalam juta IDR): 1. BYD Sealion 7: 629-719 2. BYD M6: 383-433 3. Chery iCar (J6): 505.5-608 4. Denza D9: 950 5. Wuling Air EV: 184-307.5 6. Geely EX5: 465-505 7. Aion Hypertec HT: 600-700 8. Wuling Bingo EV:","1926814531323416589","","eddie_rahper","in","","0","0","0","https://x.com/undefined/status/1926814531323416589","1720665183188922368",
"1926141173942423686","Sat May 24 05:00:16 +0000 2025","2","Sahabat kursi lipat Chery J6 bikin mobil makin fleksibel loh! Mau angkut barang istirahat atau santai? Semua bisa tetap nyaman!​ Tonton review lengkapnya di YouTube @adirafinance atau klik link : https://t.co/mLG7m5dpPn #Gaspol #CheryJ6 #TipsMobil #KursiLipatChery https://t.co/8UXzLSLos4","1926141173942423686","https://pbs.twimg.com/ext_tw_video_thumb/1926141114353864704/pu/img/ptw_Q02pAOghy7wf.jpg","","in","","0","0","0","https://x.com/undefined/status/1926141173942423686","2578289821",
"1925887996764512586","Fri May 23 12:14:14 +0000 2025","0","w ga gitu ngerti mobil tapi demi apapun cindercella bikin w naksir berat sama chery j6 iwd like this car really living on my mind rent free️‍","1925887996764512586","","","in","","0","0","0","https://x.com/undefined/status/1925887996764512586","1254189355",
"1925155625652121929","Wed May 21 11:44:03 +0000 2025","0","Mobil mewah Chery J6 yang dikendarai seorang ibu-ibu mengalami kecelakaan di Kawasan Perdana Square Jalan Perdana Pontianak Selasa siang (20/5/2025). Mobil diduga hilang kendali saat mengambil tiket parkir kemudian terbang dan terguling menabrak belasan sepeda motor yang https://t.co/EzfvaYFrF7","1925155625652121929","https://pbs.twimg.com/amplify_video_thumb/1925154959320137729/img/5xt96qc4yi5-Rnnv.jpg","","in","","0","0","0","https://x.com/undefined/status/1925155625652121929","502140136",
"1923966939032072314","Sun May 18 05:00:38 +0000 2025","19","Cari mobil listrik praktis dan efisien? Chery J6 jawabannya! Charging cepat dan mudah aktivitas makin lancar tanpa buang waktu.​ Lihat review lengkapnya di YouTube @adirafinance atau klik link : https://t.co/mLG7m5dXEV #Gaspol #AdiraTV #CheryJ6 #MobilListrik #AdiraFinance https://t.co/LZiG28VGcO","1923966939032072314","https://pbs.twimg.com/ext_tw_video_thumb/1923966784664637440/pu/img/s0sC-dsfINrzHea_.jpg","","in","","0","1","4","https://x.com/undefined/status/1923966939032072314","2578289821",
"1923290169790050310","Fri May 16 08:11:24 +0000 2025","0","https://t.co/XBOAstlg1I","1923290169790050310","","","zxx","","0","0","0","https://x.com/undefined/status/1923290169790050310","3245882905",
"1923217607915692256","Fri May 16 03:23:04 +0000 2025","1","Mau modifikasi Jeep JK Jeep JL Jeep JT Gladiator GWM Tank 300 GWM Tank 500 BAIC BJ40 Plus Suzuki Jimny JB74 or JC74 Chery J6 Toyota Hilux Ford Ranger Raptor atau mobil 4x4 lainnya? Yuk langsung aja ke Pionir Auto Garage! Hubungi via WhatsApp: https://t.co/owm0e8FnsD https://t.co/cKtN7MZgrm","1923217607915692256","https://pbs.twimg.com/media/GrCjFIgaAAA5WfV.jpg","","in","","0","0","1","https://x.com/undefined/status/1923217607915692256","1729796971509293056",
"1922947818840260883","Thu May 15 09:31:01 +0000 2025","2","Persaingan mobil listrik di Indonesia semakin ketat terlihat dari data penjualan April 2025 yang menunjukkan BYD Sealion 7 jadi mobil listrik terlaris diikuti BYD M6 dan Chery J6 yang juga laris di pasar. Simak selengkapnya: https://t.co/3d2wo0fVQg https://t.co/jtHeNZANqX","1922947818840260883","https://pbs.twimg.com/media/Gq-uFPCWQAAIo9a.jpg","","in","","0","0","1","https://x.com/undefined/status/1922947818840260883","1582972008479920129",
"1922254709588459906","Tue May 13 16:17:39 +0000 2025","6","@SelebtwitMobil Mobil ga jelas. Judul brand nya Chery logonya iCar judul modelnya J6 yang punya Jaecoo. Maunya apa ","1922325377571012956","","SelebtwitMobil","in","","0","1","2","https://x.com/undefined/status/1922325377571012956","3387832152",
"1919271490446602313","Mon May 05 06:02:36 +0000 2025","1","Pertama Kali Amel Off-Road Pake Mobil Listrik Chery J6! https://t.co/9B2EgcOeZR lewat @YouTube","1919271490446602313","","","in","","0","0","0","https://x.com/undefined/status/1919271490446602313","3750184393",
"1918263625875374496","Fri May 02 11:17:42 +0000 2025","0","CHERY J6 | Mobil Listrik Kencang Sekaligus Offroad https://t.co/c7W0M7bRGv lewat @YouTube","1918263625875374496","","","in","","0","0","0","https://x.com/undefined/status/1918263625875374496","3750184393",
"1917601809801306321","Wed Apr 30 15:27:53 +0000 2025","1","Tetangga gua beli Chery J6 dijanjiin home chargernya bakal ready 2 minggu setelah mobil dikirim. Lsg lah belio SPK Setelah 2 minggu follow up ke sales katanya masih diproses. Minggu selanjutnya mulai ngilang sampe setelah 2 bulan nongol home charger mau dikirim wkwkwkwk","1917601809801306321","","","in","","0","0","2","https://x.com/undefined/status/1917601809801306321","126279774",
"1915968752589672886","Sat Apr 26 03:18:42 +0000 2025","0","Nyokap tiba2 nanyain mobil chery j6.. biasanya kalo nanyain dluan berarti mulai tertarik","1915968752589672886","","","in","","0","0","0","https://x.com/undefined/status/1915968752589672886","1381269878192054350",
"1915962416250425681","Sat Apr 26 02:53:31 +0000 2025","3","Sahabat butuh mobil dengan bagasi luas dan praktis? Chery J6 hadir untuk kamu yang aktif stylish dan suka bawa barang banyak ​ Tonton review lengkapnya di YouTube @adirafinance atau klik link : https://t.co/mLG7m5dXEV #CheryJ6 #MobilKeluarga #Gaspol #AdiraTV #AdiraFinance https://t.co/cWowhCYHrP","1915962416250425681","https://pbs.twimg.com/ext_tw_video_thumb/1915962339402412033/pu/img/OU06-ysrijLop5kB.jpg","","in","","0","0","0","https://x.com/undefined/status/1915962416250425681","2578289821",
"1915239977509675376","Thu Apr 24 03:02:48 +0000 2025","1","ULTIMATE CAR REVIEW: CHERY J6 Lagi cari SUV EV yang performanya tangguh dan siap diajak off-road? CHERY J6 bisa jadi jawaban kamu! Simak review singkatnya &amp; lihat kenapa mobil ini cocok banget buat petualang modern kayak kamu! Wujudkan mobil impian-mu bareng BNI finance https://t.co/YQfTOTx0Oz","1915239977509675376","https://pbs.twimg.com/amplify_video_thumb/1915239788447490050/img/7pqZlkc2z1qpfOXq.jpg","","in","","0","0","0","https://x.com/undefined/status/1915239977509675376","1612467574461304833",
"1914964215225274804","Wed Apr 23 08:47:01 +0000 2025","5","Nabung &amp; transaksi di wondr by BNI bisa bawa kamu pulangin mobil?! Yes! rejeki wondr BNI resmi mulai! - 2 Mercedes-Benz E 300 - 20 All New Honda HRV - 14 Chery J6 - 170 Honda Beat - 790 Smartphone &amp; hadiah seru lainnya Oh iya biar gak kelewat jangan lupa cek kupon kamu di https://t.co/NHzQdO06Fm","1914964215225274804","https://pbs.twimg.com/ext_tw_video_thumb/1914964052188557312/pu/img/5ufDfFecctby-X1I.jpg","","in","","0","2","1","https://x.com/undefined/status/1914964215225274804","62455266",
"1913199993307172875","Fri Apr 18 11:56:39 +0000 2025","1","Melalui program ini BNI menyiapkan hadiah seperti 2 unit mobil All New Mercedes-Benz E300 14 unit Chery J6 20 unit Honda HR-V 170 unit Honda Beat serta ratusan smartphone dan hadiah menarik lainnya.","1913199996012531870","","radarblitar","in","","0","1","0","https://x.com/undefined/status/1913199996012531870","2615374939",
"1912470557804687605","Wed Apr 16 11:38:07 +0000 2025","0","Isi Saldo Dapat Mobil! Rejeki Wondr BNI Siap Kasih Chery J6 hingga Mercedes-Benz! https://t.co/dikNvDRpi2","1912470557804687605","","","in","","0","0","0","https://x.com/undefined/status/1912470557804687605","1216368412231970816",
"1912431406590095461","Wed Apr 16 09:02:33 +0000 2025","0","BNI Bagikan Mobil Chery J6 hingga Mercedes Benz Yuk Tambah Saldo dan Perbanyak Transaksi https://t.co/DxSTMQ0wwR","1912431406590095461","","","in","","0","0","0","https://x.com/undefined/status/1912431406590095461","1426591205089898503",
"1911826533833916911","Mon Apr 14 16:59:00 +0000 2025","0","MG Siapkan Cyber X Mobil Listrik Offroad Penantang Chery J6 https://t.co/jpQGG779CM","1911826533833916911","","","in","","0","0","0","https://x.com/undefined/status/1911826533833916911","231355136",
"1911760613162074563","Mon Apr 14 12:37:03 +0000 2025","1","Tbh skrg wishlist mobil ku adalah Chery J6. Soalnya emg beli mobil tsb buat dipake aja masalah dijual lagi gmna ntar aja","1911760613162074563","","","in","","0","0","0","https://x.com/undefined/status/1911760613162074563","1684964032858787840",
"1911644667042824331","Mon Apr 14 04:56:19 +0000 2025","0","Tantang Chery J6 MG Siapkan Mobil Listrik Offroad Cyber X https://t.co/n98jsddBZd","1911644667042824331","","","in","","0","0","0","https://x.com/undefined/status/1911644667042824331","132078023",
"1911357305532416161","Sun Apr 13 10:15:12 +0000 2025","22","@romeogadungan lihat mobil Chery j6 di jalan buset itu mobil mewah kali. Tapi harganya gak seberapa dibanding merk yang lain","1911362525775733069","","romeogadungan","in","","0","1","0","https://x.com/undefined/status/1911362525775733069","1588911210686140416",
"1909222126436941952","Mon Apr 07 12:30:01 +0000 2025","0","Keliling silaturahmi di Hari Raya naik Mobil Listrik? Ga perlu khawatir dong apalagi Chery J6 IWD ini punya jarak tempuh sekali charge full bisa jalan 418 KM kalo masih rasa kurang tinggal charge aja di Voltron by Kalista EV. #Chery #carmudi https://t.co/sXxxAIm1iC","1909222126436941952","https://pbs.twimg.com/ext_tw_video_thumb/1909089101577678848/pu/img/Ea4nlFmVw9UzZK0U.jpg","","in","","0","0","0","https://x.com/undefined/status/1909222126436941952","2241947264",
"1908410481116930066","Sat Apr 05 06:44:49 +0000 2025","1","Oh pantesan si bapak itu kapan hr pernah ngomel sama w soal tampilan fitur di mobil listrik yg serba kontrol layar... Katany aneh aja masa mau nyalain wiper kudu nunyuk layar dlu wktu aku cerita soal chery J6 Yhaaaaa~","1908410481116930066","","","in","","0","0","1","https://x.com/undefined/status/1908410481116930066","1760405006917025792",
"1908196420152418530","Fri Apr 04 16:34:13 +0000 2025","0","Hari ini 2x ngeliat orang nyetir mobil Chery J6. Lucu sih. Mirip Jeep Rubicon versi slay.","1908196420152418530","","","in","","0","0","0","https://x.com/undefined/status/1908196420152418530","522354404",
"1907660726212391378","Thu Apr 03 05:05:34 +0000 2025","0","PT CSI mulai incar konsumen fleet untuk Chery J6 berpeluang dijadikan armada taksi online di masa mendatang https://t.co/q5kyCjKcJF https://t.co/eoScpDuCkY","1907660726212391378","https://pbs.twimg.com/media/GnlfUkcaMAMrcW5.jpg","","in","","0","0","0","https://x.com/undefined/status/1907660726212391378","1450324371583553538",
"1907295123639333241","Wed Apr 02 10:07:44 +0000 2025","1","@wibblepart2 produk dari cina dengan merek icar tapi masuk ke indo chery karena duanya sama-sama merek jd dipilih chery j6 bgt. tapi imo mungkin mobil listrik beliny nanti aja...","1907374381451677722","","wibblepart2","in","","0","1","0","https://x.com/undefined/status/1907374381451677722","1526523894718377984",
"1907295123639333241","Wed Apr 02 04:52:47 +0000 2025","3","Ya Tuhan Yesus mau mobil Chery J6 satu aja ","1907295123639333241","","","in","","0","3","0","https://x.com/undefined/status/1907295123639333241","1776821432783372288",
"1906966800765694385","Tue Apr 01 07:08:09 +0000 2025","1","Chery mengungkapkan ada tantangan tersendiri dalam memasarkan SUV crossover listrik Omoda E5 di Indonesia https://t.co/S0Ln3y6mQH","1906966800765694385","","","in","","0","0","0","https://x.com/undefined/status/1906966800765694385","1450324371583553538",
"1904389842630549739","Tue Mar 25 04:28:14 +0000 2025","0","Modifikasi Mobil VinFast VF3 Erick Thohir Jeep JK Jimny 5 Pintu Chery J6 &amp; BAIC BJ40 Plus! Tonton sekarang di sini https://t.co/VHarQeKu5X","1904389842630549739","","","in","","0","0","0","https://x.com/undefined/status/1904389842630549739","41993467",
"1903806468627075082","Sun Mar 23 13:50:07 +0000 2025","0","Sebanyak 2.000 Mobil Listrik Chery J6 Diserahkan kepada Konsumen https://t.co/8QjglNYDkp","1903806468627075082","","","in","","0","0","0","https://x.com/undefined/status/1903806468627075082","1578222594",
"1903669877044629666","Sun Mar 23 04:47:21 +0000 2025","0","2.000 Unit Chery J6 Dikirim ke Konsumen Bisa Dipakai Lebaran! https://t.co/EkpZ7su8kz","1903669877044629666","","","in","","0","0","0","https://x.com/undefined/status/1903669877044629666","80543284",
"1901041561099718872","Sat Mar 15 22:43:22 +0000 2025","0","PT Chery Sales Indonesia (CSI) berhasil mencatatkan penjualan salah satu mobil listriknya Chery J6 di dua bulan pertama hingga lebih dari 1.200 unit. #kumparanOTO https://t.co/7svGgqVJnl","1901041561099718872","","","in","","0","0","1","https://x.com/undefined/status/1901041561099718872","759692754985242625",
"1900913450165170524","Sat Mar 15 14:14:18 +0000 2025","0","Ini di jalan beberapa kali sliweran mobil listrik warna putih mirip mobil Presiden Maung Garuda Rupanya itu chery J6 ","1900913450165170524","","","in","","0","0","0","https://x.com/undefined/status/1900913450165170524","1467151856560271363",
"1900747694781428200","Sat Mar 15 03:15:39 +0000 2025","0","SUV Offroad Chery J6 Laris Manis di Awal Tahun 2025 Penjualan Tembus 1.200 Unit https://t.co/IvkQFasWJD","1900747694781428200","","","in","","0","0","0","https://x.com/undefined/status/1900747694781428200","1578222594",
"1900657484999598349","Fri Mar 14 21:17:11 +0000 2025","0","Penjualan Chery J6 Tembus 1.200 Unit di Dua Bulan Awal 2025 https://t.co/SZSgPVjwaZ","1900657484999598349","","","in","","0","0","0","https://x.com/undefined/status/1900657484999598349","80543284",
"1900162336008364189","Thu Mar 13 12:29:38 +0000 2025","0","Iya sih mobilnya Chery J6 bukan yang kaleng kaleng. Sporty emang bisa dipake buat pencinta alam yg suka dibawa nanjak. Mobil listrik tp performanya jg keren. Yg mau beli mobil mending beli mobil listrik deh. Pajak lebih murah penggunaan bahan bakarnya (listrik) jg lbh hemat","1900162336008364189","","","in","","0","0","0","https://x.com/undefined/status/1900162336008364189","161269527",
"1899631879881687425","Wed Mar 12 01:21:48 +0000 2025","0","Chery J6 merupakan mobil SUV listrik yang hingga kini masih jadi mobil listrik terlaris. Simak spesifikasi dan harga Chery J6 terbaru 2025! https://t.co/KN6ptmRgb9","1899631879881687425","","","in","","0","0","0","https://x.com/undefined/status/1899631879881687425","350668803",
"1898995919842079016","Mon Mar 10 07:14:43 +0000 2025","1","Ngabuburit pake mobil chery j6 https://t.co/SATR3LK3fR","1898995919842079016","https://pbs.twimg.com/amplify_video_thumb/1898995832868982784/img/QtdrXE47Yag9tZ1t.jpg","","in","","0","0","0","https://x.com/undefined/status/1898995919842079016","1063752758807777281",
"1898543233023816190","Sun Mar 09 01:15:54 +0000 2025","0","Begini Cara Chery Pangkas Inden Tiggo Cross dan J6 https://t.co/ANZnFWCZ6U","1898543233023816190","","","in","","0","0","0","https://x.com/undefined/status/1898543233023816190","80543284",
"1897916146143330806","Fri Mar 07 15:22:27 +0000 2025","0","@WalterWisnu Jangan dah. Atpm nya serem. Bisa putus tiba tiba dia nanti. Kalo mau beli mobil listrik byd wuling chery. Udah 3 itu aja nu. Wkwkw BYD sealion 7 itu keren sekali. 700an tapi. Mehong. 400 tinggi bisa ke chery j6. Mantap. Gagah.","1898031499213258781","","WalterWisnu","in","","0","0","0","https://x.com/undefined/status/1898031499213258781","53030515",
"1897932876571926704","Fri Mar 07 08:50:34 +0000 2025","0","Chery J6 Laris Manis Produksi Dilipatgandakan! https://t.co/FLuqDOQ2f5","1897932876571926704","","","in","","0","0","0","https://x.com/undefined/status/1897932876571926704","80543284",
"1896726731375186410","Tue Mar 04 00:57:46 +0000 2025","0","Baru ngecek google chery j6 eh pas otw ke kantor liat itu mobil","1896726731375186410","","","in","","0","1","0","https://x.com/undefined/status/1896726731375186410","1575374438090276864",
"1896436447718338639","Mon Mar 03 05:44:17 +0000 2025","1","Akhir2 ini suka bgt liat mobil listrik chery j6 .. ganteng bgt mobilnyaa","1896436447718338639","","","in","","0","1","1","https://x.com/undefined/status/1896436447718338639","1548561160621789184",
"1896404136746483946","Mon Mar 03 03:35:54 +0000 2025","2","Chery berhasil membawa pulang tiga penghargaan sekaligus yaitu Most Affordable Crossover untuk Chery TIGGO Cross Best EV SUV untuk Chery J6 dan Best Booth Car 700-900 SQM. #cherymotorsindonesia #cherycross #cherytiggo #cheryj6 #cheryj6ev #mobillistrik #mobil #mobilsuv https://t.co/9OKN16qXjT","1896404136746483946","https://pbs.twimg.com/media/GlFgxLPaoAAjezw.jpg","","in","","0","0","0","https://x.com/undefined/status/1896404136746483946","1795508979814305792",
"1893190234487284213","Sat Feb 22 06:45:00 +0000 2025","2","Chery mendulang cuan di IIMS 2025. Merek asal China itu terbantu dengan penjualan mobil listrik terbaru mereka J6 yang laris manis. https://t.co/zUTA3RagPP","1893190234487284213","","","in","","1","0","1","https://x.com/undefined/status/1893190234487284213","69183155",
"1891021189306261785","Sun Feb 16 07:13:08 +0000 2025","0","@demaengg @AndyPantjoro mobil tante mama chery j6","1891022988608156085","","demaengg","it","","0","0","0","https://x.com/undefined/status/1891022988608156085","1587146249312292864",
"1890640452321255883","Sat Feb 15 05:53:04 +0000 2025","0","Jelang Lebaran Chery Kirim 1.500 Unit Mobil Listrik J6 EV Pesanan Pelanggan Sebanyak 1.500 unit Chery J6 EV akan dikirimkan kepada konsumen selama periode Februari hingga Maret 2025. https://t.co/N4JE1i8zUi https://t.co/Pf55c7n2LE","1890640452321255883","https://pbs.twimg.com/media/GjzneMDXsAAoSBb.jpg","","in","","0","0","0","https://x.com/undefined/status/1890640452321255883","155169715",
"1889611480150188085","Wed Feb 12 09:44:18 +0000 2025","0","Daftar Mobil Listrik yang Dapat Subsidi Pajak: Wuling Air ev-Chery J6 https://t.co/BlwRUlXStF","1889611480150188085","","","in","","0","0","0","https://x.com/undefined/status/1889611480150188085","80543284",
"1889556867916923188","Wed Feb 12 06:07:18 +0000 2025","0","Chery x Hollywings Group Akan Hadirkan Konsep Mobil Kopi J6 Di IIMS 2025 https://t.co/7nlxjpDSgv Chery makin seru nih di booth yaa... Mampir laah besok","1889556867916923188","","","in","","0","0","0","https://x.com/undefined/status/1889556867916923188","1630377994597568514",
"1889498812508749944","Wed Feb 12 02:16:36 +0000 2025","0","PT Chery Sales Indonesia (CSI) secara resmi menggandeng Holywings Group sebagai official partner di ajang Indonesia International Motor Show (IIMS) 2025 untuk menyemarakkan ajang tahunan tersebut. https://t.co/7nlxjpEq63","1889498812508749944","","","in","","0","0","0","https://x.com/undefined/status/1889498812508749944","1630377994597568514",
"1887669615406489664","Fri Feb 07 01:08:02 +0000 2025","0","Chery J6 Hadir Suzuki Jimny Tak Gentar https://t.co/K4J4dkOQbN","1887669615406489664","","","in","","0","0","0","https://x.com/undefined/status/1887669615406489664","80543284",
"1886431205706387932","Mon Feb 03 15:07:02 +0000 2025","1","PT Chery Sales Indonesia (CSI) mengumumkan performa impresif yang diraih oleh J6 EV selama tahun 2024 lalu. Hanya dalam satu bulan sejak peluncuran mobil SUV yang unik ini telah dikirimkan ke lebih dari 300 konsumen di Tanah Air. #cherymotorsindonesia #cheryj6 #j6 #cheryj6ev https://t.co/OLINjF5f3V","1886431205706387932","https://pbs.twimg.com/media/Gi3zABIaUAADuKP.jpg","","in","","0","0","0","https://x.com/undefined/status/1886431205706387932","1795508979814305792",
"1886260824919941521","Mon Feb 03 03:50:00 +0000 2025","0","Mobil Listrik Offroad Chery J6 Diklaim Laku 2.000 Unit dalam Dua Bulan https://t.co/M2RqCRug1o","1886260824919941521","","","in","","0","0","0","https://x.com/undefined/status/1886260824919941521","4755284968",
"1886231191680061846","Mon Feb 03 01:52:15 +0000 2025","0","Sebulan Meluncur Segini Banyak Orang Indonesia Beli Chery J6 https://t.co/S9VBFwkwLA","1886231191680061846","","","in","","0","0","0","https://x.com/undefined/status/1886231191680061846","80543284",
"1885644675454996524","Sat Feb 01 11:01:38 +0000 2025","0","Mobil Chery J6 EV RWD 2025 Mobil Listrik China Cek di sini untuk info lebih lanjut ya https://t.co/wA7EpGE9YK https://t.co/2fZQC5WMWT","1885644675454996524","https://pbs.twimg.com/ext_tw_video_thumb/1885644623013720064/pu/img/k9HI6VCHcuJKO3BN.jpg","","in","","0","0","0","https://x.com/undefined/status/1885644675454996524","1092216318",
"1885602631768498650","Sat Feb 01 08:14:34 +0000 2025","0","Ratusan Chery J6 sudah dikirim ke para pelanggan sejak diluncurkan pada November 2024 di ajang GJAW 2024 https://t.co/UePlzkf72y","1885602631768498650","","","in","","0","0","0","https://x.com/undefined/status/1885602631768498650","1450324371583553538",
"1885250639523176823","Fri Jan 31 08:55:53 +0000 2025","0","Chery berhasil mencatat 2.000 lebih surat pemesanan kendaraan (SPK) untuk mobil listrik terbarunya J6 hanya dalam waktu sekitar dua bulan sejak pertama kali diluncurkan di pasar Indonesia pada akhir November 2024 lalu. Selengkapnya https://t.co/trIOWuveJh https://t.co/Cjc4Qk7con","1885250639523176823","https://pbs.twimg.com/media/GinBUazbYAYR3B9.jpg","","in","","0","0","0","https://x.com/undefined/status/1885250639523176823","3271146871",
"1884106397891318057","Tue Jan 28 05:09:04 +0000 2025","0","Waduh baru tau mobil listrik ga kena progresif. Jadi menarik ini J6 Chery","1884106397891318057","","","in","","0","0","0","https://x.com/undefined/status/1884106397891318057","211808584",
"1884086497650819098","Tue Jan 28 03:50:00 +0000 2025","10","Chery J6 ternyata cukup irit untuk mengarungi rute menanjak dari Jakarta ke Bandung. Cek yuk review-nya! https://t.co/7dJbX3K5Ie","1884086497650819098","","","in","","0","4","2","https://x.com/undefined/status/1884086497650819098","69183155",
"1884030739995607229","Tue Jan 28 00:08:26 +0000 2025","0","Irit Banget! Nggak Sampai Rp 90 Ribu Bisa Bawa Mobil Listrik Chery J6 Jakarta-Bandung https://t.co/99vE0ue8qy","1884030739995607229","","","in","","0","0","0","https://x.com/undefined/status/1884030739995607229","80543284",
"1882945355723235388","Sat Jan 25 15:35:55 +0000 2025","2","@ATOMMMNEW Fun fact: Banyak logo i di mobil ini coba temukan minimal LIMA di gambar diatas Kenapa? Karena di China sana namanya bukan Chery J6 tp iCar 03 https://t.co/JugMIsUkRv https://t.co/Sl3YOvPeOs","1883176985280802925","https://pbs.twimg.com/media/GiJjcyNawAAMK4x.jpg","_ATOMMMM_","in","","0","0","1","https://x.com/undefined/status/1883176985280802925","1484423320632438789",
"1883145726777327970","Sat Jan 25 13:48:06 +0000 2025","2","Tapi jujur ngiler juga sama Chery J6 sejak pertama kali itu mobil launching ","1883149851959181611","","rameankebulan","in","","0","0","0","https://x.com/undefined/status/1883149851959181611","1228483680332500993",
"1882682508917260785","Fri Jan 24 12:41:06 +0000 2025","1","@ATOMMMNEW Mobil listrik ganteng wishlist gw aaaaa chery J6","1882770602374893976","","_ATOMMMM_","in","","0","0","0","https://x.com/undefined/status/1882770602374893976","1294457428914737152",
"1882616645551849798","Fri Jan 24 02:29:20 +0000 2025","0","Wow Babak Baru : Bisnis Otomotive Chery J6 Mobil Listrik 4wd dan iWd Harga dibawah 600 jt Pajero &amp; Fortune : Mutar Otak nih Waspada gaess : Gelombang Harga Mobil Baru Bakal Turun Hancur2an https://t.co/I19g1kj2rh","1882616645551849798","https://pbs.twimg.com/media/GiBl27wbgAAIK-_.jpg","","in","","0","0","0","https://x.com/undefined/status/1882616645551849798","1450873040913330177",
"1881688073664352593","Tue Jan 21 12:59:31 +0000 2025","0","chery j6 ganteng bgt ya Allah manifesting punya ini mobil kali ya ","1881688073664352593","","","in","","0","0","0","https://x.com/undefined/status/1881688073664352593","163298801",
"1878078947516186921","Sun Jan 12 06:59:49 +0000 2025","0","@convomf Mobil chery j6 listrik","1878336061442846882","","convomf","ht","","0","0","0","https://x.com/undefined/status/1878336061442846882","1666692142650253312",
"1876975127109181606","Wed Jan 08 12:51:57 +0000 2025","0","Antusiasme terhadap mobil listrik semakin meningkat di Indonesia terutama dengan kehadiran Chery J6 Intelligent Wheel Drive (IWD) yang baru saja diterima oleh YouTuber Otomotif Fitra Eri. https://t.co/RfsyEhl2ly","1876975127109181606","","","in","","0","0","0","https://x.com/undefined/status/1876975127109181606","1698580133068865536",
"1876155168821326085","Mon Jan 06 06:33:44 +0000 2025","0","Chery j6 irl lowkey ganteng ga kerasa mobil cina nya","1876155168821326085","","","in","","0","0","0","https://x.com/undefined/status/1876155168821326085","856399949516349440",
"1874292905239863646","Wed Jan 01 03:13:45 +0000 2025","0","Ngeliat fitur chery j6 jimny serasa mobil jadul","1874292905239863646","","","in","","0","0","0","https://x.com/undefined/status/1874292905239863646","1420280480",
"1873881757402972661","Tue Dec 31 00:00:00 +0000 2024","0","Sebanyak 5.000 unit mobil listrik Chery sudah diserahkan ke konsumen di Indonesia termasuk Anya Geraldine yang menjadi pemilik pertama J6. #Chery #berita #mobil #mobillistrik #J6 #anyageraldine #carmudi https://t.co/MVwuQIvAs0","1873881757402972661","https://pbs.twimg.com/ext_tw_video_thumb/1873668793148588032/pu/img/sg05JYNIcDRGDzHY.jpg","","in","","0","0","0","https://x.com/undefined/status/1873881757402972661","2241947264",
"1873395484783714747","Sun Dec 29 22:20:06 +0000 2024","0","@TanyaMobilBase Chery J6 aja. Dapet mobil listrik rasa Jimny. Sisa uangnya bisa dipake beli Cilok","1873494228325785781","","TanyaMobilBase","in","","0","0","0","https://x.com/undefined/status/1873494228325785781","94719549",
"1871848906763731271","Wed Dec 25 09:22:11 +0000 2024","2","Pontianak menjadi destinasi selanjutnya dalam rangkaian peluncuran regional Chery J6 karena potensi pasar yang menarik dan kebutuhan akan kendaraan yang tangguh dan ramah lingkungan. #cherymotorsindonesia #cheryj6 #j6 #mobillistrik #mobil #mobilsuv #offroad #suvoffroad https://t.co/ySOgJHkLwW","1871848906763731271","https://pbs.twimg.com/media/GfokcaIbEAAQuXg.jpg","","in","","0","0","0","https://x.com/undefined/status/1871848906763731271","1795508979814305792",
"1871204031424876790","Mon Dec 23 14:39:41 +0000 2024","0","Era Baru SUV Offroad Chery Indonesia Hadirkan Chery J6 di Pekanbaru #offroad #mobil #otomotif #pekanbaru #chery #cheryj6 https://t.co/UzIJ7vaBDk","1871204031424876790","https://pbs.twimg.com/ext_tw_video_thumb/1871203617027526656/pu/img/ftZT7VJuVyn4rc2G.jpg","","in","","0","0","0","https://x.com/undefined/status/1871204031424876790","1667078966048620545",
"1871148686727876656","Mon Dec 23 10:59:45 +0000 2024","0","Mobil listrik beneran bisa dipakai buat offroad?! Iya bisaa doonggg Kenalin nih mobil Chery J6 SUV offroad listrik pertama di Indonesia dengan fitur tercanggih Beberapa diantaranya ada fitur : V2L External Power Supply 12 speaker infinity Head unit layar sentuh https://t.co/UP328MXbDB","1871148686727876656","https://pbs.twimg.com/amplify_video_thumb/1871148426546884608/img/8AUJSNKy6DRxrHiZ.jpg","","in","","0","0","0","https://x.com/undefined/status/1871148686727876656","2876231563",
"1871085433704054954","Mon Dec 23 06:48:25 +0000 2024","13","#Chery 's #Indonesian subsidiary PT Chery Mobil Indonesia has delivered 5 000 BEV. The delivery included OMODA E5 and J6 models with about 4 200 OMODA E5 units delivered. As J6 has just entered the Indonesian market deliveries will continue until Feb 2025. https://t.co/v7MAsxnwxA","1871085433704054954","https://pbs.twimg.com/media/Gfdtj6_W8AAGR0h.jpg","","en","","0","0","1","https://x.com/undefined/status/1871085433704054954","1623502003661062146",
"1870829111884861524","Sun Dec 22 13:49:53 +0000 2024","0","Mobil Listrik Chery Omoda E5 dan J6 Bikin CSI Tersenyum Manis https://t.co/nudqFX33aD","1870829111884861524","","","in","","0","0","0","https://x.com/undefined/status/1870829111884861524","79130206",
"1870801459266330859","Sun Dec 22 12:00:00 +0000 2024","4","Chery merk mobil pendatang baru di Indonesia membawa mobil off-road andalan mereka yaitu Chery J6. Seperti apa fitur yang ditawarkan dari mobil ini? Simak review #RangerOtoKompasTV di sini: ▶️ https://t.co/hRyFMN8v5q https://t.co/4V1qBou9C6","1870801459266330859","https://pbs.twimg.com/media/GfY2Yh2bAAA2J26.jpg","","in","","0","1","0","https://x.com/undefined/status/1870801459266330859","71436318",
"1870780462467371284","Sun Dec 22 10:36:41 +0000 2024","4","Row 2 captain seat mayan lega tapi joknya enakan chery j6. Nah ke row 3 tu kaya naek 1 anak tangga n sempit euy. Buat keluar masuk mobil masi ga terlalu susah. Bagasi kalo dilipet jadi lega. https://t.co/EAfyjzhbyH","1870780492691501120","https://pbs.twimg.com/media/GfZY7HxaYAApRFm.jpg","sicupuh","in","","0","1","1","https://x.com/undefined/status/1870780492691501120","70292309",
"1870501017483116739","Sat Dec 21 16:06:09 +0000 2024","0","Chery J6 Sapa Masyarakat Pontianak SUV Offroad dengan Harga Rp500 Jutaan https://t.co/qD9yfW15Qe","1870501017483116739","","","in","","0","0","0","https://x.com/undefined/status/1870501017483116739","1578222594",
"1869735452984369487","Thu Dec 19 13:24:04 +0000 2024","0","Mobil Chery J6 SUV Listrik Off Road yang Menyita Perhatian https://t.co/68NiNEQFgO","1869735452984369487","","","in","","0","0","0","https://x.com/undefined/status/1869735452984369487","239873274",
"1868574533407404419","Mon Dec 16 08:30:59 +0000 2024","0","Regional Launching Mobil Listrik Chery J6 Sapa Masyarakat Surabaya https://t.co/yIFWDfOjEH","1868574533407404419","","","in","","0","0","0","https://x.com/undefined/status/1868574533407404419","1578222594",
"1867877578490732904","Sat Dec 14 10:21:32 +0000 2024","3","Chery J6 Banyak Diminati Konsumen Melebihi Omoda E5! Dengan Chery yang meluncurkan J6 beberapa hari lalu kini mereka memiliki dua mobil SUV bertenaga listrik di Indonesia. Sebelumnya mereka menghadirkan Omoda E5 sebagai mobil listrik pertamanya.... https://t.co/Xds4QNo88E https://t.co/6D7HRNURYM","1867877578490732904","https://pbs.twimg.com/media/GewIofXbQAA5OHK.jpg","","in","","0","0","0","https://x.com/undefined/status/1867877578490732904","1662992399407394817",
"1866720879507542050","Wed Dec 11 05:45:14 +0000 2024","0","Tantang Chery J6 BAIC Bikin SUV Listrik Off Road BJ60e https://t.co/R5tIPH1NtR","1866720879507542050","","","en","","0","0","0","https://x.com/undefined/status/1866720879507542050","80543284",
"1866298000706015242","Tue Dec 10 01:44:52 +0000 2024","3","Bagi 1.000 pembeli pertama J6 Chery Indonesia menawarkan garansi seumur hidup (lifetime warranty) untuk komponen utama mobil listrik yaitu baterai power motor dan power motor controller. #cheryj6 @CheryMotorID https://t.co/n3ahbTp0VM","1866298000706015242","https://pbs.twimg.com/ext_tw_video_thumb/1866297086402301952/pu/img/qhqiqLbFBSJb5MKe.jpg","","in","","0","0","0","https://x.com/undefined/status/1866298000706015242","1795508979814305792",
"1864507832680501519","Thu Dec 05 03:11:22 +0000 2024","0","SUV Listrik Off Road Chery J6 Laris Manis Ini Buktinya https://t.co/JNqvdUKBQr","1864507832680501519","","","in","","0","0","0","https://x.com/undefined/status/1864507832680501519","80543284",
"1863849184325193923","Tue Dec 03 07:34:08 +0000 2024","0","Let's Experience The Future with Chery J6 EV Nikmati kemewahan berkendara dengan Mobil EV andalan Chery. Dapatkan penawaran spesial Chery J6 EV datang &amp; kunjungi Display Unit &amp; Test Drive pada : : 02 - 13 Desember 2024 ⏰ : 08.30 - 15.00 WIB : MTF Customer Experience https://t.co/3d2i9nU48Q","1863849184325193923","https://pbs.twimg.com/media/Gd248lJbgAAHVsa.jpg","","in","","0","0","0","https://x.com/undefined/status/1863849184325193923","786333896",
"1863538609527414944","Mon Dec 02 11:00:02 +0000 2024","0","Sudah banyak dipesan Chery J6 merupakan mobil listrik offroad pertama di pasar Indonesia. Apa ya alasan konsumen suka? #beritaterkini #beritaotomotif #chery #carmudi https://t.co/KTn6UFIfaf","1863538609527414944","","","in","","0","0","0","https://x.com/undefined/status/1863538609527414944","2241947264",
"1863216759001808908","Sun Dec 01 13:41:06 +0000 2024","2","Chery J6 Telah Dipesan 300 Unit di Indonesia! Chery akan segera meluncurkan mobil listrik keduanya di Indonesia dalam model J6. Memang modelnya sempat diperlihatkan sebagai iCar 03 sebelumnya dan belum dijual saat itu tapi model SUV boxy ini sudah.... https://t.co/yPukDqQ50B https://t.co/pTzmPIS16g","1863216759001808908","https://pbs.twimg.com/media/Gdt5qd2XMAATbWk.jpg","","in","","0","0","0","https://x.com/undefined/status/1863216759001808908","1662992399407394817",
"1863140033626337540","Sun Dec 01 08:36:14 +0000 2024","0","Bisa Diajak 'Kerja Keras' Ini Peminat Mobil Listrik Chery J6 di Indonesia https://t.co/zuRafPFKZD","1863140033626337540","","","in","","0","0","0","https://x.com/undefined/status/1863140033626337540","80543284",
"1862871622384025617","Sat Nov 30 14:49:39 +0000 2024","0","Tak Banyak Pemainnya Chery J6 Laku Keras di GJAW 2024 https://t.co/dRydKmnmNS","1862871622384025617","","","in","","0","0","0","https://x.com/undefined/status/1862871622384025617","41730943",
"1862725522524185081","Sat Nov 30 05:09:06 +0000 2024","1","Beberapa Hari Pameran Mobil Listrik Offroad Chery J6 Laku Ratusan Unit https://t.co/PI2Ppw6AWX","1862725522524185081","","","in","","0","0","0","https://x.com/undefined/status/1862725522524185081","80543284",
"1862677340926718289","Sat Nov 30 01:57:39 +0000 2024","0","mobil impian baru: Chery J6 : ) ","1862677340926718289","","","in","","0","1","0","https://x.com/undefined/status/1862677340926718289","1234037821",
"1862487912538943575","Fri Nov 29 13:24:56 +0000 2024","2","Chery Rilis J6 di Akhir Tahun Karena Ini? Chery telah mempersiapkan peluncuran mobil listrik terbaru lainnya di Indonesia pada tahun ini yaitu J6. Model yang sebelumnya dikenal sebagai iCar 03 ini sudah dinanti kehadirannya sejak pertama kali.... https://t.co/X3CGPNRPmO https://t.co/2p5uf7GRDJ","1862487912538943575","https://pbs.twimg.com/media/GdjivwMboAgVK27.jpg","","in","","0","0","0","https://x.com/undefined/status/1862487912538943575","1662992399407394817",
"1862452204642476393","Fri Nov 29 11:03:02 +0000 2024","0","Let's Experience The Future with Chery J6 EV Nikmati kemewahan berkendara dengan Mobil EV andalan Chery. Dapatkan penawaran spesial Chery J6 EV datang &amp; kunjungi Display Unit &amp; Test Drive pada : : 02 - 13 Desember 2024 ⏰ : 08.30 - 15.00 WIB : MTF Customer Experience https://t.co/IH8LT2QmjZ","1862452204642476393","https://pbs.twimg.com/media/GdjCZstbUAA9jPC.jpg","","in","","0","0","0","https://x.com/undefined/status/1862452204642476393","786333896",
"1861703717969711315","Wed Nov 27 09:28:49 +0000 2024","0","Lihat Lebih Dekat Chery J6 Mobil Listrik Off Road Pertama di RI https://t.co/xdNxvPyMnE","1861703717969711315","","","in","","0","0","0","https://x.com/undefined/status/1861703717969711315","80543284",
"1861458005226856633","Tue Nov 26 17:12:27 +0000 2024","0","Satu-satunya Chery J6 Bernuansa Batik Bakal Dilelang https://t.co/7UvybmF16q","1861458005226856633","","","in","","0","0","0","https://x.com/undefined/status/1861458005226856633","41730943",
"1861306428449005600","Tue Nov 26 07:10:08 +0000 2024","0","Cuma 1 Unit Chery J6 Edisi Batik Dilelang di GJAW 2024 https://t.co/QTwU4ORJJS","1861306428449005600","","","in","","0","0","0","https://x.com/undefined/status/1861306428449005600","80543284",
"1861264375430181259","Tue Nov 26 04:23:02 +0000 2024","0","Segini Harga Resmi SUV Listrik Bergaya Offroad Chery J6 https://t.co/ydrLMaunky","1861264375430181259","","","in","","0","0","0","https://x.com/undefined/status/1861264375430181259","41730943",
"1861021264221282307","Mon Nov 25 12:17:00 +0000 2024","0","Jadi Mobil Listrik Off Road Pertama di RI Chery J6 Ditargetkan Laku Segini https://t.co/aPP6JBa9ns","1861021264221282307","","","in","","0","0","0","https://x.com/undefined/status/1861021264221282307","80543284",
"1860946744168640833","Mon Nov 25 07:20:53 +0000 2024","0","Chery Hadirkan J6 Phantom Edition di GJAW Apa Istimewanya? https://t.co/XlHOjYqEJu","1860946744168640833","","","in","","0","0","0","https://x.com/undefined/status/1860946744168640833","1578222594",
"1860587800716018031","Sun Nov 24 07:34:34 +0000 2024","0","Unik Mobil Listrik Chery J6 Dilukis Painting Batik di GJAW 2024 https://t.co/eLUSkswPbe","1860587800716018031","","","in","","0","0","0","https://x.com/undefined/status/1860587800716018031","132078023",
"1860530028012011940","Sun Nov 24 03:45:00 +0000 2024","1","Chery Umumkan Harga Mobil Offroad Listrik J6 Mulai Rp548 Juta https://t.co/tAQeBgoO1y","1860530028012011940","","","in","","0","0","0","https://x.com/undefined/status/1860530028012011940","47274731",
"1860236899132276958","Sat Nov 23 08:20:12 +0000 2024","0","Harga Baru Diumumkan Mobil Listrik Chery J6 Sudah Laku Segini di RI https://t.co/dEW9C1kSKs","1860236899132276958","","","in","","0","0","0","https://x.com/undefined/status/1860236899132276958","80543284",
"1860164099965092142","Sat Nov 23 03:30:56 +0000 2024","0","Meluncur di GJAW 2024 Offroad Listrik Chery J6 Dibanderol Rp498 Juta #uzoneID #mobil #motor https://t.co/tSeO64191M","1860164099965092142","","","in","","0","0","0","https://x.com/undefined/status/1860164099965092142","1675707294",
"1860150292198936825","Sat Nov 23 02:36:04 +0000 2024","0","Mobil Listrik Offroad Chery J6 Mengaspal di GJAW 2024 Dibanderol mulai Rp498 Juta Intip Speknya https://t.co/PL5HmEsinU","1860150292198936825","","","in","","0","0","0","https://x.com/undefined/status/1860150292198936825","132078023",
"1860015061491961878","Fri Nov 22 17:38:42 +0000 2024","0","Ada pemirsa yang mau beli? #mobillistrik #cheryj6 #suvoffroad #elecrtricvehicle Harga Mobil Chery J6 SUV Offroad Listrik Pertama di Indonesia https://t.co/k1E8xKLLjq lewat @ipanase","1860015061491961878","","","in","","0","0","0","https://x.com/undefined/status/1860015061491961878","100258807",
"1859932575369986212","Fri Nov 22 12:10:56 +0000 2024","0","Chery Umumkan Harga Mobil Listrik Off Road J6 Mulai Rp 498 Juta! https://t.co/E4IdOpJSSu","1859932575369986212","","","in","","0","0","0","https://x.com/undefined/status/1859932575369986212","80543284",
"1859931333159702644","Fri Nov 22 12:06:00 +0000 2024","4","Pada ajang GJAW 2024 lagi-lagi Chery pamerin mobil listrik J6 nih detikers! Ada dua tipe yakni J6 RWD yang dijual dengan harga Rp498 juta dan J6 iWD yang harganya Rp 558 juta. Angkut nggak nih detikers? #detikoto #MobilListrik #Otomotif #Chery #J6 #GJAW2024J6 https://t.co/cjQVfp2g49","1859931333159702644","https://pbs.twimg.com/ext_tw_video_thumb/1859930919316168704/pu/img/qBwMeSH-LFjVcwg4.jpg","","in","","1","0","1","https://x.com/undefined/status/1859931333159702644","80543284",
"1859916104329838762","Fri Nov 22 11:56:46 +0000 2024","0","@WalterWisnu Kalo beli beneran ya seharga mobil yg gw pake ajak lu keliling kemarin. Harga chery j6 yg baru diumumin hari ini itu batas atas harga psikologis buat gw nu. Diatas itu berarti pasarnya bukan gw mau nonton youtube review nya juga udah males. Wong ga akan beli https://t.co/TDuhrhpsMj","1859929010865930312","https://pbs.twimg.com/media/Gc_LknjaIAAKSyW.jpg","WalterWisnu","in","","0","0","0","https://x.com/undefined/status/1859929010865930312","53030515",
"1859862115324166190","Fri Nov 22 07:30:57 +0000 2024","0","Chery Mulai Produksi Mobil Offroad Listrik J6 di Bekasi #uzoneID #mobil #motor https://t.co/5zRuN4Brdi","1859862115324166190","","","in","","0","0","0","https://x.com/undefined/status/1859862115324166190","1675707294",
"1859248717397954999","Wed Nov 20 14:53:32 +0000 2024","0","Ada pemirsa yang mau beli mobil listrik? #ev #cherry #cherryj6 #suv #electricsuv #ckd Artikel sudah tayang di blog pertamax7 Chery J6 SUV Offroad Listrik CKD Indonesia https://t.co/ljqZyPEyKG lewat @ipanase","1859248717397954999","","","in","","0","0","0","https://x.com/undefined/status/1859248717397954999","100258807",
"1858433514498400589","Mon Nov 18 08:54:12 +0000 2024","2","Chery Ganti Nama iCar 03 Menjadi J6? Chery akan segera meluncurkan mobil listrik terbarunya dalam model iCar 03 sekaligus menjadi SUV listrik keduanya di Indonesia setelah Omoda E5. Sejauh ini mereka terus melakukan persiapan lebih lanjut untuk..... https://t.co/IbqAowOQG5 https://t.co/q5FSh5rWUp","1858433514498400589","https://pbs.twimg.com/media/Gcp7UUob0AAgqJP.jpg","","in","","0","0","0","https://x.com/undefined/status/1858433514498400589","1662992399407394817",
"1857848903372255480","Sat Nov 16 18:11:10 +0000 2024","0","https://t.co/0lcWXuF4EJ","1857848903372255480","","","zxx","","0","0","0","https://x.com/undefined/status/1857848903372255480","133082829",
"1853083858469835233","Sun Nov 03 14:36:35 +0000 2024","0","Tes Chery J6 iWD: Mobil Listrik yang Siap Dibawa Blusukan! https://t.co/fV4AhWLtHI","1853083858469835233","","","in","","0","0","0","https://x.com/undefined/status/1853083858469835233","80543284",
"1852561258660475019","Sat Nov 02 03:59:57 +0000 2024","0","Menguji Ketangguhan Mobil Listrik Chery J6 di Jalan Off-Road Tak Ada Kendala https://t.co/Qx4rnc5DDS","1852561258660475019","","","in","","0","0","0","https://x.com/undefined/status/1852561258660475019","79130206",
"1852214216675201382","Fri Nov 01 05:00:56 +0000 2024","0","Rasanya Offroad Pakai Mobil Listrik Chery J6 Emang Bisa? #uzoneID #mobil #motor https://t.co/aW2yIbTAL8","1852214216675201382","","","in","","0","0","0","https://x.com/undefined/status/1852214216675201382","1675707294",
"1852177640943178118","Fri Nov 01 02:35:36 +0000 2024","0","SUV Offroad Listrik Chery iCar 03 Ganti Namanya Jadi J6 https://t.co/hIiCMHqBWF","1852177640943178118","","","in","","0","0","0","https://x.com/undefined/status/1852177640943178118","1578222594",
"1851914071777644860","Thu Oct 31 09:08:16 +0000 2024","0","Mengenal Chery J6 Mobil Listrik Off-Road Pertama di Indonesia https://t.co/zagc4Xr0UX #GoOto","1851914071777644860","","","in","","0","0","0","https://x.com/undefined/status/1851914071777644860","18129942",
"1851842434961195384","Thu Oct 31 04:23:36 +0000 2024","2","Mobil ini ditujukan untuk anak muda yang memiliki gaya hidup petualangan. https://t.co/JVqyLmHwAB","1851842434961195384","","","in","","0","0","0","https://x.com/undefined/status/1851842434961195384","23343960",
"1851829328394539306","Thu Oct 31 03:31:31 +0000 2024","1","Mobil Listrik Offroad Chery J6 Bakal Meluncur Akhir 2024 https://t.co/oHCOnF0Qoz","1851829328394539306","","","in","","0","0","0","https://x.com/undefined/status/1851829328394539306","17128975",
"1851829183288348795","Thu Oct 31 03:30:57 +0000 2024","0","Chery J6 Offroad Listrik yang Siap Meluncur Akir Tahun #uzoneID #mobil #motor https://t.co/q2f8Fyuw0m","1851829183288348795","","","in","","0","0","0","https://x.com/undefined/status/1851829183288348795","1675707294",
"1851817513363083621","Thu Oct 31 02:44:34 +0000 2024","1","Chery J6 akan meluncur pada Desember 2024. Mobil listrik off road bergaya kotak itu ganti nama dari iCar 03 jadi Chery J6. https://t.co/HuRGu5gSdu","1851817513363083621","","","in","","0","0","0","https://x.com/undefined/status/1851817513363083621","23343960",
"1851797259232645559","Thu Oct 31 01:24:05 +0000 2024","0","Mobil listrik off-road bergaya boxy iCar 03 akan meluncur pada akhir tahun 2024. Namun namanya akan berubah dari iCar 03 menjadi Chery J6. https://t.co/I9iUp7wZ3D","1851797259232645559","","","in","","0","0","0","https://x.com/undefined/status/1851797259232645559","23343960",
"1851794965820772641","Thu Oct 31 01:14:59 +0000 2024","0","Nggak Jadi iCar Mobil Listrik Off-road Pertama di Indonesia Ini Dikasih Nama Chery J6 https://t.co/qSE9yA87OR","1851794965820772641","","","in","","0","0","0","https://x.com/undefined/status/1851794965820772641","80543284",
"1851792752524300309","Thu Oct 31 01:06:11 +0000 2024","0","300 Chery J6 siap dikirim pada akhir tahun dan semuanya dipastikan sudah dirakit langsung di Indonesia https://t.co/px0IHGnoA6","1851792752524300309","","","in","","0","0","0","https://x.com/undefined/status/1851792752524300309","1450324371583553538",
"1851649906626503062","Wed Oct 30 15:38:34 +0000 2024","0","Chery ubah nama iCar 03 menjadi J6 dengan beragam perhitungan termasuk menghindari terjadinya benturan merek https://t.co/Zf8eGmiGoF","1851649906626503062","","","in","","0","0","0","https://x.com/undefined/status/1851649906626503062","1450324371583553538",
"1851601067638972546","Wed Oct 30 12:24:30 +0000 2024","3","Mobil listrik buat off-road nyetrum nggak tuh? Ini tuh Chery J6 mobil ini diklaim jadi mobil listrik pertama di Indonesia yang bisa dipakai offroad nih detikers. Desainnya juga boxy dan modern. #detikoto #kendaraanlistrik #mobillistrik #Chery #J6 #otomotifmobil https://t.co/v3C6Tpqqan","1851601067638972546","https://pbs.twimg.com/ext_tw_video_thumb/1851600312202903552/pu/img/1Otq2N-qL6qvJYZ-.jpg","","in","","0","0","1","https://x.com/undefined/status/1851601067638972546","80543284",
"1850054115096949149","Sat Oct 26 05:57:28 +0000 2024","2","Chery Rilis iCar 03 Lebih Dulu Ketimbang Jaecoo J6 Chery sepertinya sudah ingin meluncurkan mobil listrik lainnya di Indonesia setelah sukses dengan Omoda E5. Sehingga mereka akan menghadirkan iCar 03 dan penjualannya dimulai akhir tahun ini walau.... https://t.co/OsjHkbbkXs https://t.co/7fhALz6q3i","1850054115096949149","https://pbs.twimg.com/media/Gay2TzoaAAEreeY.jpg","","in","","0","0","0","https://x.com/undefined/status/1850054115096949149","1662992399407394817",
"1785462661540659341","Wed May 01 00:14:05 +0000 2024","0","Chery rencananya akan membawa sub-brand Jaecoo ke Indonesia pada tahun 2025. https://t.co/cQjkDrqKJD","1785462661540659341","","","in","","0","0","1","https://x.com/undefined/status/1785462661540659341","23343960",
"1785293024597016601","Tue Apr 30 13:00:00 +0000 2024","0","detikers mobil listrik asal China tengah menginvasi jalanan Indonesia. Namun ada satu mobil yang patut ditunggu karena kegantengan desainnya yakni Jaecoo J6. ⁣ Seperti apa ya mobil listrik ini? &gt;&gt; https://t.co/CptsFLRPM3 #detikoto #otomotif #jaecooj6 #chery https://t.co/oUqsXnUlPD","1785293024597016601","https://pbs.twimg.com/media/GMZ81rMaEAAeYPQ.jpg","","in","","0","0","0","https://x.com/undefined/status/1785293024597016601","80543284",
"1785115239941599460","Tue Apr 30 01:13:33 +0000 2024","1","Chery International memastikan kalau merek Jaecoo akan dibawa ke Indonesia untuk mengisi ceruk pasar premium. https://t.co/aufsDycn1b","1785115239941599460","","","in","","0","0","0","https://x.com/undefined/status/1785115239941599460","23343960",
